Prş 02 Oca 2025 00:05:31 +03 | Hata: Aynı isimde ürün eklendi
Prş 02 Oca 2025 00:51:55 +03 | Hata: Aynı isimde ürün eklendi
Prş 02 Oca 2025 00:52:05 +03 | Hata: Aynı isimde ürün eklendi
Prş 02 Oca 2025 19:58:26 +03 | Hata: Aynı isimde ürün eklendi
Prş 02 Oca 2025 19:58:43 +03 | Hata: Aynı isimde ürün eklendi
Prş 02 Oca 2025 20:20:35 +03 | Kullanıcı bulunamadı: ox
Prş 02 Oca 2025 20:20:40 +03 | Kullanıcı bulunamadı: sf
Prş 02 Oca 2025 20:20:45 +03 | Kullanıcı bulunamadı: g
Prş 02 Oca 2025 20:52:17 +03 | Kullanıcı bulunamadı: ç
Prş 02 Oca 2025 20:52:21 +03 | Kullanıcı bulunamadı: ö
Prş 02 Oca 2025 20:52:25 +03 | Kullanıcı bulunamadı: kj
Prş 02 Oca 2025 20:56:36 +03 | Kullanıcı bulunamadı: küü
Prş 02 Oca 2025 20:56:40 +03 | Kullanıcı bulunamadı: kk
Prş 02 Oca 2025 20:56:43 +03 | Kullanıcı bulunamadı: l
Prş 02 Oca 2025 20:56:45 +03 | Sistem kilitlendi: 3 hatalı girişten sonra
Prş 02 Oca 2025 20:56:47 +03 | Sistem kilitli - Giriş yapılamaz
Prş 02 Oca 2025 21:02:20 +03 | Hatalı giriş: ozge (Deneme: 1)
Prş 02 Oca 2025 21:02:26 +03 | Hatalı giriş: ozge (Deneme: 2)
Prş 02 Oca 2025 21:05:39 +03 | Hatalı giriş: ozge (Deneme: 1)
Prş 02 Oca 2025 21:06:53 +03 | Başarılı giriş: ozge (Varsayılan kullanıcı)
Prş 02 Oca 2025 21:07:49 +03 | Başarılı giriş: eylul (Varsayılan kullanıcı)
Prş 02 Oca 2025 21:08:08 +03 | Başarılı giriş: ozge (Varsayılan kullanıcı)
Prş 02 Oca 2025 21:10:21 +03 | Başarılı giriş: ozge (Varsayılan kullanıcı)
Prş 02 Oca 2025 21:11:56 +03 | Başarılı giriş: ozge (Varsayılan kullanıcı)
Prş 02 Oca 2025 21:12:35 +03 | Başarılı giriş: ozge (Varsayılan kullanıcı)
Prş 02 Oca 2025 21:14:51 +03 | Başarılı giriş: ozge (Varsayılan kullanıcı)
Prş 02 Oca 2025 21:16:50 +03 | Başarılı giriş: ozge (Varsayılan kullanıcı)
Prş 02 Oca 2025 21:19:15 +03 | Hatalı giriş: ozge (Deneme: 1)
Prş 02 Oca 2025 21:19:23 +03 | Başarılı giriş: ozge (Varsayılan kullanıcı)
Prş 02 Oca 2025 21:22:04 +03 | Başarılı giriş: ozge (Varsayılan kullanıcı)
Prş 02 Oca 2025 21:23:00 +03 | Başarılı giriş: ozge (Varsayılan kullanıcı)
Prş 02 Oca 2025 21:26:22 +03 | Başarılı giriş: ozge (Varsayılan kullanıcı)
Prş 02 Oca 2025 21:27:02 +03 | Başarılı giriş: ozge (Varsayılan kullanıcı)
Cum 03 Oca 2025 00:17:00 +03 | Başarılı giriş: ozge (Varsayılan kullanıcı)
Cum 03 Oca 2025 00:28:24 +03 | Başarılı giriş: ozge (Varsayılan kullanıcı)
Cum 03 Oca 2025 00:29:19 +03 | Başarılı giriş: ozge (Varsayılan kullanıcı)
Cum 03 Oca 2025 00:43:40 +03 | Başarılı giriş: ozge (Varsayılan kullanıcı)
Cts 04 Oca 2025 13:06:02 +03 | Başarılı giriş: ozge (Varsayılan kullanıcı)
Cts 04 Oca 2025 13:10:47 +03 | Başarılı giriş: ozge (Varsayılan kullanıcı)
Cts 04 Oca 2025 13:11:59 +03 | Başarılı giriş: ozge (Varsayılan kullanıcı)
Cts 04 Oca 2025 13:13:59 +03 | Kullanıcı bulunamadı: 
Cts 04 Oca 2025 13:14:09 +03 | Başarılı giriş: ozge (Varsayılan kullanıcı)
Cts 04 Oca 2025 13:14:48 +03 | Kullanıcı bulunamadı: 
Cts 04 Oca 2025 13:14:53 +03 | Kullanıcı bulunamadı: p
Cts 04 Oca 2025 13:14:59 +03 | Kullanıcı bulunamadı: kj
Cts 04 Oca 2025 13:15:03 +03 | Kullanıcı bulunamadı: kjl
Cts 04 Oca 2025 13:15:06 +03 | Sistem kilitlendi: 3 hatalı girişten sonra
Cts 04 Oca 2025 13:15:08 +03 | Sistem kilitli - Giriş yapılamaz
Geçersiz rol seçimi!
Geçersiz rol seçimi!
Cts 04 Oca 2025 20:38:46 +03 | Başarılı giriş: ozge (Varsayılan kullanıcı)
Cts 04 Oca 2025 20:39:05 +03 | Hata: Aynı isimde ürün eklendi
Geçersiz rol seçimi!
Cts 04 Oca 2025 20:43:28 +03 | Hatalı giriş: ozge (Deneme: 1)
Cts 04 Oca 2025 20:43:37 +03 | Başarılı giriş: ozge (Varsayılan kullanıcı)
Geçersiz rol seçimi!
Cts 04 Oca 2025 20:45:10 +03 | Başarılı giriş: ozge (Varsayılan kullanıcı)
Geçersiz rol seçimi!
Cts 04 Oca 2025 20:53:11 +03 | Başarılı giriş: ozge (Varsayılan kullanıcı)
Geçersiz rol seçimi!
Cts 04 Oca 2025 20:57:45 +03 | Başarılı giriş: ozge (Varsayılan kullanıcı)
Geçersiz rol seçimi!
Cts 04 Oca 2025 21:07:33 +03 | Başarılı giriş: ozge (Varsayılan kullanıcı)
Geçersiz rol seçimi!
Cts 04 Oca 2025 21:13:48 +03 | Başarılı giriş: ozge (Varsayılan kullanıcı)
Geçersiz rol seçimi!
Geçersiz rol seçimi!
Geçersiz rol seçimi!
Cts 04 Oca 2025 21:34:35 +03 | Başarılı giriş: ozge (Varsayılan kullanıcı)
Geçersiz rol seçimi!
Cts 04 Oca 2025 21:38:02 +03 | Başarılı giriş: ozge (Varsayılan kullanıcı)
Geçersiz rol seçimi!
Geçersiz rol seçimi!
Cts 04 Oca 2025 22:04:34 +03 | Başarılı giriş: ozge (Varsayılan kullanıcı)
Geçersiz rol seçimi!
Cts 04 Oca 2025 22:07:23 +03 | Başarılı giriş: ozge (Varsayılan kullanıcı)
Geçersiz rol seçimi!
Cts 04 Oca 2025 22:21:33 +03 | Başarılı giriş: ozge (Varsayılan kullanıcı)
Geçersiz rol seçimi!
Cts 04 Oca 2025 22:30:25 +03 | Başarılı giriş: ozge (Varsayılan kullanıcı)
Geçersiz rol seçimi!
Cts 04 Oca 2025 22:32:05 +03 | Başarılı giriş: ozge (Varsayılan kullanıcı)
Geçersiz rol seçimi!
Cts 04 Oca 2025 22:50:36 +03 | Başarılı giriş: eylul (Varsayılan kullanıcı)
Geçersiz rol seçimi!
Cts 04 Oca 2025 23:07:18 +03 | Hatalı giriş: ozge (Deneme: 1)
Cts 04 Oca 2025 23:07:26 +03 | Başarılı giriş: ozge (Varsayılan kullanıcı)
Geçersiz rol seçimi!
Cts 04 Oca 2025 23:08:58 +03 | Başarılı giriş: ozge (Varsayılan kullanıcı)
Geçersiz rol seçimi!
Cts 04 Oca 2025 23:13:42 +03 | Başarılı giriş: ozge (Varsayılan kullanıcı)
Geçersiz rol seçimi!
Cts 04 Oca 2025 23:19:48 +03 | Başarılı giriş: ozge (Varsayılan kullanıcı)
Cts 04 Oca 2025 23:19:58 +03 | script.sh dosyası bulunamadı
Geçersiz rol seçimi!
Cts 04 Oca 2025 23:20:54 +03 | Başarılı giriş: ozge (Varsayılan kullanıcı)
Cts 04 Oca 2025 23:21:01 +03 | script.sh dosyası bulunamadı
Geçersiz rol seçimi!
Cts 04 Oca 2025 23:22:08 +03 | Başarılı giriş: ozge (Varsayılan kullanıcı)
Cts 04 Oca 2025 23:22:13 +03 | script.sh dosyası bulunamadı
Geçersiz rol seçimi!
Cts 04 Oca 2025 23:25:06 +03 | Başarılı giriş: ozge (Varsayılan kullanıcı)
Cts 04 Oca 2025 23:25:12 +03 | script.sh dosyası bulunamadı
Geçersiz rol seçimi!
Cts 04 Oca 2025 23:26:06 +03 | Başarılı giriş: ozge (Varsayılan kullanıcı)
Geçersiz rol seçimi!
Cts 04 Oca 2025 23:34:26 +03 | Başarılı giriş: eylul (Varsayılan kullanıcı)
Geçersiz rol seçimi!
Cts 04 Oca 2025 23:36:53 +03 | Başarılı giriş: ozge (Varsayılan kullanıcı)
Geçersiz rol seçimi!
Cts 04 Oca 2025 23:39:28 +03 | Başarılı giriş: eylul (Varsayılan kullanıcı)
Geçersiz rol seçimi!
Cts 04 Oca 2025 23:41:01 +03 | Başarılı giriş: ozge (Varsayılan kullanıcı)
Cts 04 Oca 2025 23:44:08 +03 | Hata: Geçersiz stok miktarı
Cts 04 Oca 2025 23:44:21 +03 | Hata: Geçersiz stok miktarı
Cts 04 Oca 2025 23:45:03 +03 | Hata: Ürün adında boşluk
Geçersiz rol seçimi!
Cts 04 Oca 2025 23:52:17 +03 | Başarılı giriş: ozge (Varsayılan kullanıcı)
Paz 05 Oca 2025 00:07:30 +03 | Hata: Geçersiz stok miktarı
Geçersiz rol seçimi!
Paz 05 Oca 2025 00:10:11 +03 | Başarılı giriş: ozge (Varsayılan kullanıcı)
Geçersiz rol seçimi!
Paz 05 Oca 2025 00:12:28 +03 | Başarılı giriş: ozge (Varsayılan kullanıcı)
